{
  "round": 13,
  "accuracy": 122.19999999999999,
  "timestamp": "2026-01-12T13:39:43.770453"
}