{
  "round": 52,
  "accuracy": 254.79999999999998,
  "timestamp": "2026-01-12T15:56:50.343330"
}