{
  "round": 42,
  "accuracy": 220.79999999999998,
  "timestamp": "2026-01-12T15:26:56.000231"
}