{
  "round": 31,
  "accuracy": 183.39999999999998,
  "timestamp": "2026-01-12T14:25:33.020571"
}