{
  "round": 21,
  "accuracy": 149.39999999999998,
  "timestamp": "2026-01-12T14:00:05.342513"
}