{
  "round": 26,
  "accuracy": 166.39999999999998,
  "timestamp": "2026-01-12T14:12:49.071206"
}