{
  "round": 47,
  "accuracy": 237.79999999999998,
  "timestamp": "2026-01-12T15:44:07.444284"
}