{
  "round": 36,
  "accuracy": 200.39999999999998,
  "timestamp": "2026-01-12T14:56:34.076620"
}